timestamp,pv_kwh,load_kwh,self_consumed_kwh,exported_kwh,grid_import_kwh
2020-07-01 00:11:00+00:00,0.0,0.1790272901629784,0.0,0.0,0.1790272901629784
2020-07-01 01:11:00+00:00,0.0,0.1534519629968387,0.0,0.0,0.1534519629968387
2020-07-01 02:11:00+00:00,0.0,0.1406642994137688,0.0,0.0,0.1406642994137688
2020-07-01 03:11:00+00:00,0.0,0.1406642994137688,0.0,0.0,0.1406642994137688
2020-07-01 04:11:00+00:00,0.0,0.1534519629968387,0.0,0.0,0.1534519629968387
2020-07-01 05:11:00+00:00,0.099735897984,0.2173902809121881,0.099735897984,0.0,0.1176543829281881
2020-07-01 06:11:00+00:00,0.2971247051519999,0.3196915895767472,0.2971247051519999,0.0,0.0225668844247473
2020-07-01 07:11:00+00:00,0.487396196352,0.460355888990516,0.460355888990516,0.0270403073614839,0.0
2020-07-01 08:11:00+00:00,0.8625276844799998,0.4987188797397258,0.4987188797397258,0.363808804740274,0.0
2020-07-01 09:11:00+00:00,0.8349575320320001,0.3836299074920967,0.3836299074920967,0.4513276245399033,0.0
2020-07-01 10:11:00+00:00,1.008826596864,0.2813285988275376,0.2813285988275376,0.7274979980364624,0.0
2020-07-01 11:11:00+00:00,0.997190045568,0.2173902809121881,0.2173902809121881,0.7797997646558119,0.0
2020-07-01 12:11:00+00:00,0.9412468116479998,0.1790272901629784,0.1790272901629784,0.7622195214850214,0.0
2020-07-01 13:11:00+00:00,0.749423654784,0.1790272901629784,0.1790272901629784,0.5703963646210215,0.0
2020-07-01 14:11:00+00:00,0.8847020620800001,0.2046026173291182,0.2046026173291182,0.6800994447508819,0.0
2020-07-01 15:11:00+00:00,1.540165237632,0.2429656080783279,0.2429656080783279,1.297199629553672,0.0
2020-07-01 16:11:00+00:00,1.1228743203839997,0.3196915895767472,0.3196915895767472,0.8031827308072524,0.0
2020-07-01 17:11:00+00:00,0.6868717240319999,0.4859312161566559,0.4859312161566559,0.200940507875344,0.0
2020-07-01 18:11:00+00:00,0.2922519479039999,0.588232524821215,0.2922519479039999,0.0,0.2959805769172151
2020-07-01 19:11:00+00:00,0.0985177086719999,0.6265955155704246,0.0985177086719999,0.0,0.5280778068984247
2020-07-01 20:11:00+00:00,0.0,0.588232524821215,0.0,0.0,0.588232524821215
2020-07-01 21:11:00+00:00,0.0,0.4859312161566559,0.0,0.0,0.4859312161566559
2020-07-01 22:11:00+00:00,0.0,0.3708422439090268,0.0,0.0,0.3708422439090268
2020-07-01 23:11:00+00:00,0.0,0.2429656080783279,0.0,0.0,0.2429656080783279
2020-07-02 00:11:00+00:00,0.0,0.1789266809330247,0.0,0.0,0.1789266809330247
2020-07-02 01:11:00+00:00,0.0,0.1533657265140211,0.0,0.0,0.1533657265140211
2020-07-02 02:11:00+00:00,0.0,0.1405852493045193,0.0,0.0,0.1405852493045193
2020-07-02 03:11:00+00:00,0.0,0.1405852493045193,0.0,0.0,0.1405852493045193
2020-07-02 04:11:00+00:00,0.0,0.1533657265140211,0.0,0.0,0.1533657265140211
2020-07-02 05:11:00+00:00,0.131616425472,0.21726811256153,0.131616425472,0.0,0.08565168708953
2020-07-02 06:11:00+00:00,0.1790711869439999,0.319511930237544,0.1790711869439999,0.0,0.140440743293544
2020-07-02 07:11:00+00:00,0.246342131712,0.4600971795420634,0.246342131712,0.0,0.2137550478300634
2020-07-02 08:11:00+00:00,0.6723158015999999,0.4984386111705687,0.4984386111705687,0.1738771904294311,0.0
2020-07-02 09:11:00+00:00,1.7348853093119998,0.3834143162850528,0.3834143162850528,1.3514709930269468,0.0
2020-07-02 10:11:00+00:00,1.423201362816,0.2811704986090387,0.2811704986090387,1.1420308642069612,0.0
2020-07-02 11:11:00+00:00,2.2766102127359997,0.21726811256153,0.21726811256153,2.0593421001744696,0.0
2020-07-02 12:11:00+00:00,1.71086479104,0.1789266809330247,0.1789266809330247,1.5319381101069751,0.0
2020-07-02 13:11:00+00:00,0.577036740096,0.1789266809330247,0.1789266809330247,0.3981100591629753,0.0
2020-07-02 14:11:00+00:00,1.190928924672,0.2044876353520281,0.2044876353520281,0.986441289319972,0.0
2020-07-02 15:11:00+00:00,0.3537614760959999,0.2428290669805335,0.2428290669805335,0.1109324091154664,0.0
2020-07-02 16:11:00+00:00,0.696517225344,0.319511930237544,0.319511930237544,0.3770052951064559,0.0
2020-07-02 17:11:00+00:00,0.3148367477759999,0.485658133961067,0.3148367477759999,0.0,0.1708213861850671
2020-07-02 18:11:00+00:00,0.322128248832,0.587901951637081,0.322128248832,0.0,0.265773702805081
2020-07-02 19:11:00+00:00,0.28679387328,0.6262433832655863,0.28679387328,0.0,0.3394495099855862
2020-07-02 20:11:00+00:00,0.0,0.587901951637081,0.0,0.0,0.587901951637081
2020-07-02 21:11:00+00:00,0.0,0.485658133961067,0.0,0.0,0.485658133961067
2020-07-02 22:11:00+00:00,0.0,0.370633839075551,0.0,0.0,0.370633839075551
2020-07-02 23:11:00+00:00,0.0,0.2428290669805335,0.0,0.0,0.2428290669805335
2020-07-03 00:11:00+00:00,0.0,0.1788330682876867,0.0,0.0,0.1788330682876867
2020-07-03 01:11:00+00:00,0.0,0.1532854871037315,0.0,0.0,0.1532854871037315
2020-07-03 02:11:00+00:00,0.0,0.1405116965117538,0.0,0.0,0.1405116965117538
2020-07-03 03:11:00+00:00,0.0,0.1405116965117538,0.0,0.0,0.1405116965117538
2020-07-03 04:11:00+00:00,0.0,0.1532854871037315,0.0,0.0,0.1532854871037315
2020-07-03 05:11:00+00:00,0.34647550656,0.2171544400636196,0.2171544400636196,0.1293210664963803,0.0
2020-07-03 06:11:00+00:00,0.511533504,0.3193447647994406,0.3193447647994406,0.1921887392005593,0.0
2020-07-03 07:11:00+00:00,0.6111326165759999,0.4598564613111945,0.4598564613111945,0.1512761552648054,0.0
2020-07-03 08:11:00+00:00,0.698521534464,0.4981778330871275,0.4981778330871275,0.2003437013768725,0.0
2020-07-03 09:11:00+00:00,1.0909805998080002,0.3832137177593287,0.3832137177593287,0.7077668820486716,0.0
2020-07-03 10:11:00+00:00,1.550309814144,0.2810233930235077,0.2810233930235077,1.2692864211204922,0.0
2020-07-03 11:11:00+00:00,0.642586391424,0.2171544400636196,0.2171544400636196,0.4254319513603803,0.0
2020-07-03 12:11:00+00:00,0.5403119385599999,0.1788330682876867,0.1788330682876867,0.3614788702723132,0.0
2020-07-03 13:11:00+00:00,1.450262697984,0.1788330682876867,0.1788330682876867,1.271429629696313,0.0
2020-07-03 14:11:00+00:00,0.72694938624,0.204380649471642,0.204380649471642,0.522568736768358,0.0
2020-07-03 15:11:00+00:00,0.79914084096,0.2427020212475749,0.2427020212475749,0.5564388197124251,0.0
2020-07-03 16:11:00+00:00,0.525058862976,0.3193447647994406,0.3193447647994406,0.2057140981765594,0.0
2020-07-03 17:11:00+00:00,0.257241901056,0.4854040424951498,0.257241901056,0.0,0.2281621414391498
2020-07-03 18:11:00+00:00,0.194176612224,0.5875943672309708,0.194176612224,0.0,0.3934177550069708
2020-07-03 19:11:00+00:00,0.0718508286719999,0.6259157390069036,0.0718508286719999,0.0,0.5540649103349036
2020-07-03 20:11:00+00:00,0.0,0.5875943672309708,0.0,0.0,0.5875943672309708
2020-07-03 21:11:00+00:00,0.0,0.4854040424951498,0.0,0.0,0.4854040424951498
2020-07-03 22:11:00+00:00,0.0,0.3704399271673511,0.0,0.0,0.3704399271673511
2020-07-03 23:11:00+00:00,0.0,0.2427020212475749,0.0,0.0,0.2427020212475749
2020-07-04 00:11:00+00:00,0.0,0.1787464799284525,0.0,0.0,0.1787464799284525
2020-07-04 01:11:00+00:00,0.0,0.1532112685101022,0.0,0.0,0.1532112685101022
2020-07-04 02:11:00+00:00,0.0,0.140443662800927,0.0,0.0,0.140443662800927
2020-07-04 03:11:00+00:00,0.0,0.140443662800927,0.0,0.0,0.140443662800927
2020-07-04 04:11:00+00:00,0.0,0.1532112685101022,0.0,0.0,0.1532112685101022
2020-07-04 05:11:00+00:00,0.1667425186559999,0.2068352124886379,0.1667425186559999,0.0,0.040092693832638
2020-07-04 06:11:00+00:00,0.314130215808,0.2936549313110292,0.2936549313110292,0.0204752844969707,0.0
2020-07-04 07:11:00+00:00,0.7832164700159998,0.4034563404099358,0.4034563404099358,0.379760129606064,0.0
2020-07-04 08:11:00+00:00,0.5217789358079999,0.4417591575374613,0.4417591575374613,0.0800197782705385,0.0
2020-07-04 09:11:00+00:00,0.4130781776639999,0.3881352135589256,0.3881352135589256,0.0249429641050742,0.0
2020-07-04 10:11:00+00:00,0.70915176192,0.3421718330058949,0.3421718330058949,0.366979928914105,0.0
2020-07-04 11:11:00+00:00,0.8070288710399999,0.3140831004457095,0.3140831004457095,0.4929457705942903,0.0
2020-07-04 12:11:00+00:00,0.9467155034879998,0.3013154947365343,0.3013154947365343,0.6454000087514655,0.0
2020-07-04 13:11:00+00:00,1.023172486656,0.3013154947365343,0.3013154947365343,0.7218569919194655,0.0
2020-07-04 14:11:00+00:00,0.43439076096,0.3064225370202044,0.3064225370202044,0.1279682239397956,0.0
2020-07-04 15:11:00+00:00,0.746215521792,0.3140831004457095,0.3140831004457095,0.4321324213462905,0.0
2020-07-04 16:11:00+00:00,0.554305181568,0.34472535414773,0.34472535414773,0.20957982742027,0.0
2020-07-04 17:11:00+00:00,0.913155590016,0.4545267632466365,0.4545267632466365,0.4586288267693634,0.0
2020-07-04 18:11:00+00:00,0.298896905088,0.5413464820690278,0.298896905088,0.0,0.2424495769810278
2020-07-04 19:11:00+00:00,0.10506940608,0.5796492991965534,0.10506940608,0.0,0.4745798931165534
2020-07-04 20:11:00+00:00,0.0,0.5413464820690278,0.0,0.0,0.5413464820690278
2020-07-04 21:11:00+00:00,0.0,0.4545267632466365,0.0,0.0,0.4545267632466365
2020-07-04 22:11:00+00:00,0.0,0.34472535414773,0.0,0.0,0.34472535414773
2020-07-04 23:11:00+00:00,0.0,0.2374774661906584,0.0,0.0,0.2374774661906584
2020-07-05 00:11:00+00:00,0.0,0.1786669414782107,0.0,0.0,0.1786669414782107
2020-07-05 01:11:00+00:00,0.0,0.1531430926956091,0.0,0.0,0.1531430926956091
2020-07-05 02:11:00+00:00,0.0,0.1403811683043083,0.0,0.0,0.1403811683043083
2020-07-05 03:11:00+00:00,0.0,0.1403811683043083,0.0,0.0,0.1403811683043083
2020-07-05 04:11:00+00:00,0.0,0.1531430926956091,0.0,0.0,0.1531430926956091
2020-07-05 05:11:00+00:00,0.314130215808,0.2067431751390723,0.2067431751390723,0.1073870406689276,0.0
2020-07-05 06:11:00+00:00,0.6518147500800001,0.2935242609999175,0.2935242609999175,0.3582904890800826,0.0
2020-07-05 07:11:00+00:00,1.028808544128,0.4032768107651041,0.4032768107651041,0.6255317333628958,0.0
2020-07-05 08:11:00+00:00,1.77268761792,0.4415625839390064,0.4415625839390064,1.3311250339809937,0.0
2020-07-05 09:11:00+00:00,1.608367872,0.3879625014955431,0.3879625014955431,1.2204053705044569,0.0
2020-07-05 10:11:00+00:00,2.44667646683616,0.3420195736868604,0.3420195736868604,2.1046568931492997,0.0
2020-07-05 11:11:00+00:00,2.083443193728,0.3139433400259987,0.3139433400259987,1.7694998537020017,0.0
2020-07-05 12:11:00+00:00,1.848365102592,0.301181415634698,0.301181415634698,1.5471836869573017,0.0
2020-07-05 13:11:00+00:00,2.324650176,0.301181415634698,0.301181415634698,2.023468760365302,0.0
2020-07-05 14:11:00+00:00,2.2462084008959997,0.3062861853912182,0.3062861853912182,1.9399222155047815,0.0
2020-07-05 15:11:00+00:00,1.6849404887040005,0.3139433400259987,0.3139433400259987,1.3709971486780017,0.0
2020-07-05 16:11:00+00:00,1.0086969446399998,0.3445719585651206,0.3445719585651206,0.6641249860748792,0.0
2020-07-05 17:11:00+00:00,0.816871476096,0.4543245083303071,0.4543245083303071,0.3625469677656929,0.0
2020-07-05 18:11:00+00:00,0.257241901056,0.5411055941911523,0.257241901056,0.0,0.2838636931351523
2020-07-05 19:11:00+00:00,0.227966108544,0.5793913673650546,0.227966108544,0.0,0.3514252588210546
2020-07-05 20:11:00+00:00,0.0,0.5411055941911523,0.0,0.0,0.5411055941911523
2020-07-05 21:11:00+00:00,0.0,0.4543245083303071,0.0,0.0,0.4543245083303071
2020-07-05 22:11:00+00:00,0.0,0.3445719585651206,0.0,0.0,0.3445719585651206
2020-07-05 23:11:00+00:00,0.0,0.2373717936781942,0.0,0.0,0.2373717936781942
2020-07-06 00:11:00+00:00,0.0,0.1785944764736681,0.0,0.0,0.1785944764736681
2020-07-06 01:11:00+00:00,0.0,0.1530809798345726,0.0,0.0,0.1530809798345726
2020-07-06 02:11:00+00:00,0.0,0.1403242315150249,0.0,0.0,0.1403242315150249
2020-07-06 03:11:00+00:00,0.0,0.1403242315150249,0.0,0.0,0.1403242315150249
2020-07-06 04:11:00+00:00,0.0,0.1530809798345726,0.0,0.0,0.1530809798345726
2020-07-06 05:11:00+00:00,0.3206412276479999,0.2168647214323113,0.2168647214323113,0.1037765062156886,0.0
2020-07-06 06:11:00+00:00,0.7751066837759999,0.318918707988693,0.318918707988693,0.4561879757873068,0.0
2020-07-06 07:11:00+00:00,1.3638166318079998,0.459242939503718,0.459242939503718,0.9045736923042818,0.0
2020-07-06 08:11:00+00:00,0.985369583616,0.4975131844623612,0.4975131844623612,0.4878563991536388,0.0
2020-07-06 09:11:00+00:00,1.29602778816,0.3827024495864317,0.3827024495864317,0.9133253385735682,0.0
2020-07-06 10:11:00+00:00,0.3228025824,0.2806484630300498,0.2806484630300498,0.0421541193699501,0.0
2020-07-06 11:11:00+00:00,2.1549042401279994,0.2168647214323113,0.2168647214323113,1.938039518695688,0.0
2020-07-06 12:11:00+00:00,0.6100471837439999,0.1785944764736681,0.1785944764736681,0.4314527072703318,0.0
2020-07-06 13:11:00+00:00,1.08006015744,0.1785944764736681,0.1785944764736681,0.9014656809663318,0.0
2020-07-06 14:11:00+00:00,1.8226711756799996,0.2041079731127635,0.2041079731127635,1.618563202567236,0.0
2020-07-06 15:11:00+00:00,2.09981915136,0.2423782180714067,0.2423782180714067,1.8574409332885935,0.0
2020-07-06 16:11:00+00:00,1.7904287711999998,0.318918707988693,0.318918707988693,1.4715100632113067,0.0
2020-07-06 17:11:00+00:00,1.35913268928,0.4847564361428135,0.4847564361428135,0.8743762531371865,0.0
2020-07-06 18:11:00+00:00,0.77999476416,0.5868104226991953,0.5868104226991953,0.1931843414608047,0.0
2020-07-06 19:11:00+00:00,0.1870237459199999,0.6250806676578383,0.1870237459199999,0.0,0.4380569217378383
2020-07-06 20:11:00+00:00,0.0,0.5868104226991953,0.0,0.0,0.5868104226991953
2020-07-06 21:11:00+00:00,0.0,0.4847564361428135,0.0,0.0,0.4847564361428135
2020-07-06 22:11:00+00:00,0.0,0.3699457012668839,0.0,0.0,0.3699457012668839
2020-07-06 23:11:00+00:00,0.0,0.2423782180714067,0.0,0.0,0.2423782180714067
2020-07-07 00:11:00+00:00,0.0,0.1785291063583856,0.0,0.0,0.1785291063583856
2020-07-07 01:11:00+00:00,0.0,0.1530249483071876,0.0,0.0,0.1530249483071876
2020-07-07 02:11:00+00:00,0.0,0.1402728692815887,0.0,0.0,0.1402728692815887
2020-07-07 03:11:00+00:00,0.0,0.1402728692815887,0.0,0.0,0.1402728692815887
2020-07-07 04:11:00+00:00,0.0,0.1530249483071876,0.0,0.0,0.1530249483071876
2020-07-07 05:11:00+00:00,0.11413119168,0.2167853434351826,0.11413119168,0.0,0.1026541517551826
2020-07-07 06:11:00+00:00,0.607033941888,0.3188019756399743,0.3188019756399743,0.2882319662480256,0.0
2020-07-07 07:11:00+00:00,0.7294590616319999,0.4590748449215631,0.4590748449215631,0.2703842167104368,0.0
2020-07-07 08:11:00+00:00,1.01629535424,0.49733108199836,0.49733108199836,0.5189642722416399,0.0
2020-07-07 09:11:00+00:00,1.58165376768,0.3825623707679692,0.3825623707679692,1.1990913969120307,0.0
2020-07-07 10:11:00+00:00,1.426274840448,0.2805457385631774,0.2805457385631774,1.1457291018848228,0.0
2020-07-07 11:11:00+00:00,0.57119334144,0.2167853434351826,0.2167853434351826,0.3544079980048173,0.0
2020-07-07 12:11:00+00:00,0.5810589807359999,0.1785291063583856,0.1785291063583856,0.4025298743776142,0.0
2020-07-07 13:11:00+00:00,0.8270213529599999,0.1785291063583856,0.1785291063583856,0.6484922466016142,0.0
2020-07-07 14:11:00+00:00,0.42985846464,0.2040332644095836,0.2040332644095836,0.2258252002304163,0.0
2020-07-07 15:11:00+00:00,0.6934172789759999,0.2422895014863805,0.2422895014863805,0.4511277774896194,0.0
2020-07-07 16:11:00+00:00,0.4817381944319999,0.3188019756399743,0.3188019756399743,0.1629362187920255,0.0
2020-07-07 17:11:00+00:00,0.3679082311679999,0.484579002972761,0.3679082311679999,0.0,0.1166707718047611
2020-07-07 18:11:00+00:00,0.267223537152,0.5865956351775528,0.267223537152,0.0,0.3193720980255528
2020-07-07 19:11:00+00:00,0.072438920064,0.6248518722543497,0.072438920064,0.0,0.5524129521903497
2020-07-07 20:11:00+00:00,0.0,0.5865956351775528,0.0,0.0,0.5865956351775528
2020-07-07 21:11:00+00:00,0.0,0.484579002972761,0.0,0.0,0.484579002972761
2020-07-07 22:11:00+00:00,0.0,0.3698102917423702,0.0,0.0,0.3698102917423702
2020-07-07 23:11:00+00:00,0.0,0.2422895014863805,0.0,0.0,0.2422895014863805
2020-07-08 00:11:00+00:00,0.0,0.178470850476432,0.0,0.0,0.178470850476432
2020-07-08 01:11:00+00:00,0.0,0.1529750146940846,0.0,0.0,0.1529750146940846
2020-07-08 02:11:00+00:00,0.0,0.1402270968029108,0.0,0.0,0.1402270968029108
2020-07-08 03:11:00+00:00,0.0,0.1402270968029108,0.0,0.0,0.1402270968029108
2020-07-08 04:11:00+00:00,0.0,0.1529750146940846,0.0,0.0,0.1529750146940846
2020-07-08 05:11:00+00:00,0.0652896203519999,0.2167146041499532,0.0652896203519999,0.0,0.1514249837979532
2020-07-08 06:11:00+00:00,0.1300151577599999,0.3186979472793429,0.1300151577599999,0.0,0.1886827895193429
2020-07-08 07:11:00+00:00,0.39649431744,0.4589250440822538,0.39649431744,0.0,0.0624307266422538
2020-07-08 08:11:00+00:00,0.52175368896,0.497168797755775,0.497168797755775,0.0245848912042249,0.0
2020-07-08 09:11:00+00:00,0.836415756288,0.3824375367352115,0.3824375367352115,0.4539782195527885,0.0
2020-07-08 10:11:00+00:00,0.710649994752,0.2804541936058217,0.2804541936058217,0.4301958011461782,0.0
2020-07-08 11:11:00+00:00,0.4353009023999999,0.2167146041499532,0.2167146041499532,0.2185862982500467,0.0
2020-07-08 12:11:00+00:00,0.460666768896,0.178470850476432,0.178470850476432,0.2821959184195679,0.0
2020-07-08 13:11:00+00:00,0.925780136832,0.178470850476432,0.178470850476432,0.7473092863555679,0.0
2020-07-08 14:11:00+00:00,0.3940515486719999,0.2039666862587795,0.2039666862587795,0.1900848624132204,0.0
2020-07-08 15:11:00+00:00,0.2650860092159999,0.2422104399323006,0.2422104399323006,0.0228755692836993,0.0
2020-07-08 16:11:00+00:00,0.26285485824,0.3186979472793429,0.26285485824,0.0,0.0558430890393429
2020-07-08 17:11:00+00:00,0.2064211188479999,0.4844208798646013,0.2064211188479999,0.0,0.2779997610166013
2020-07-08 18:11:00+00:00,0.27064885248,0.586404222993991,0.27064885248,0.0,0.315755370513991
2020-07-08 19:11:00+00:00,0.071703805824,0.624647976667512,0.071703805824,0.0,0.552944170843512
2020-07-08 20:11:00+00:00,0.0,0.586404222993991,0.0,0.0,0.586404222993991
2020-07-08 21:11:00+00:00,0.0,0.4844208798646013,0.0,0.0,0.4844208798646013
2020-07-08 22:11:00+00:00,0.0,0.3696896188440378,0.0,0.0,0.3696896188440378
2020-07-08 23:11:00+00:00,0.0,0.2422104399323006,0.0,0.0,0.2422104399323006
2020-07-09 00:11:00+00:00,0.0,0.17841972606666,0.0,0.0,0.17841972606666
2020-07-09 01:11:00+00:00,0.0,0.1529311937714229,0.0,0.0,0.1529311937714229
2020-07-09 02:11:00+00:00,0.0,0.1401869276238043,0.0,0.0,0.1401869276238043
2020-07-09 03:11:00+00:00,0.0,0.1401869276238043,0.0,0.0,0.1401869276238043
2020-07-09 04:11:00+00:00,0.0,0.1529311937714229,0.0,0.0,0.1529311937714229
2020-07-09 05:11:00+00:00,0.1234540154879999,0.2166525245095157,0.1234540154879999,0.0,0.0931985090215158
2020-07-09 06:11:00+00:00,0.1810087545599999,0.3186066536904643,0.1810087545599999,0.0,0.1375978991304643
2020-07-09 07:11:00+00:00,0.3462932966399999,0.4587935813142687,0.3462932966399999,0.0,0.1125002846742687
2020-07-09 08:11:00+00:00,0.8607144026880001,0.4970263797571244,0.4970263797571244,0.3636880229308757,0.0
2020-07-09 09:11:00+00:00,0.6941528555519998,0.3823279844285572,0.3823279844285572,0.3118248711234425,0.0
2020-07-09 10:11:00+00:00,0.6191520326400001,0.2803738552476086,0.2803738552476086,0.3387781773923914,0.0
2020-07-09 11:11:00+00:00,0.43712118528,0.2166525245095157,0.2166525245095157,0.2204686607704842,0.0
2020-07-09 12:11:00+00:00,0.5995147733759999,0.17841972606666,0.17841972606666,0.4210950473093399,0.0
2020-07-09 13:11:00+00:00,0.527257204608,0.17841972606666,0.17841972606666,0.3488374785413399,0.0
2020-07-09 14:11:00+00:00,0.8414017032960001,0.2039082583618972,0.2039082583618972,0.6374934449341029,0.0
2020-07-09 15:11:00+00:00,0.74920624128,0.2421410568047529,0.2421410568047529,0.5070651844752471,0.0
2020-07-09 16:11:00+00:00,0.616453179264,0.3186066536904643,0.3186066536904643,0.2978465255735356,0.0
2020-07-09 17:11:00+00:00,0.4784038767359999,0.4842821136095058,0.4784038767359999,0.0,0.0058782368735059
2020-07-09 18:11:00+00:00,0.1582010096639999,0.5862362427904545,0.1582010096639999,0.0,0.4280352331264545
2020-07-09 19:11:00+00:00,0.2949491665919999,0.62446904123331,0.2949491665919999,0.0,0.3295198746413101
2020-07-09 20:11:00+00:00,0.0,0.5862362427904545,0.0,0.0,0.5862362427904545
2020-07-09 21:11:00+00:00,0.0,0.4842821136095058,0.0,0.0,0.4842821136095058
2020-07-09 22:11:00+00:00,0.0,0.3695837182809386,0.0,0.0,0.3695837182809386
2020-07-09 23:11:00+00:00,0.0,0.2421410568047529,0.0,0.0,0.2421410568047529
2020-07-10 00:11:00+00:00,0.0,0.178375748257605,0.0,0.0,0.178375748257605
2020-07-10 01:11:00+00:00,0.0,0.1528934985065185,0.0,0.0,0.1528934985065185
2020-07-10 02:11:00+00:00,0.0,0.1401523736309753,0.0,0.0,0.1401523736309753
2020-07-10 03:11:00+00:00,0.0,0.1401523736309753,0.0,0.0,0.1401523736309753
2020-07-10 04:11:00+00:00,0.0,0.1528934985065185,0.0,0.0,0.1528934985065185
2020-07-10 05:11:00+00:00,0.3580942909439999,0.2165991228842346,0.2165991228842346,0.1414951680597653,0.0
2020-07-10 06:11:00+00:00,0.852294223872,0.3185281218885803,0.3185281218885803,0.5337661019834197,0.0
2020-07-10 07:11:00+00:00,1.290973266816,0.4586804955195556,0.4586804955195556,0.8322927712964443,0.0
2020-07-10 08:11:00+00:00,1.463340928512,0.4969038701461853,0.4969038701461853,0.9664370583658148,0.0
2020-07-10 09:11:00+00:00,1.4014696058879998,0.3822337462662963,0.3822337462662963,1.0192358596217037,0.0
2020-07-10 10:11:00+00:00,0.53276265216,0.2803047472619506,0.2803047472619506,0.2524579048980493,0.0
2020-07-10 11:11:00+00:00,0.929306043264,0.2165991228842346,0.2165991228842346,0.7127069203797654,0.0
2020-07-10 12:11:00+00:00,1.91566634688,0.178375748257605,0.178375748257605,1.737290598622395,0.0
2020-07-10 13:11:00+00:00,1.4536685952,0.178375748257605,0.178375748257605,1.275292846942395,0.0
2020-07-10 14:11:00+00:00,2.243394937728,0.2038579980086914,0.2038579980086914,2.0395369397193086,0.0
2020-07-10 15:11:00+00:00,1.8032086794239996,0.242081372635321,0.242081372635321,1.5611273067886786,0.0
2020-07-10 16:11:00+00:00,1.395671895936,0.3185281218885803,0.3185281218885803,1.0771437740474197,0.0
2020-07-10 17:11:00+00:00,0.841065997824,0.4841627452706421,0.4841627452706421,0.3569032525533579,0.0
2020-07-10 18:11:00+00:00,0.8717317374720001,0.5860917442749878,0.5860917442749878,0.2856399931970123,0.0
2020-07-10 19:11:00+00:00,0.382334418816,0.6243151189016174,0.382334418816,0.0,0.2419807000856173
2020-07-10 20:11:00+00:00,0.0,0.5860917442749878,0.0,0.0,0.5860917442749878
2020-07-10 21:11:00+00:00,0.0,0.4841627452706421,0.0,0.0,0.4841627452706421
2020-07-10 22:11:00+00:00,0.0,0.3694926213907532,0.0,0.0,0.3694926213907532
2020-07-10 23:11:00+00:00,0.0,0.242081372635321,0.0,0.0,0.242081372635321
2020-07-11 00:11:00+00:00,0.0,0.1783389300630081,0.0,0.0,0.1783389300630081
2020-07-11 01:11:00+00:00,0.0,0.1528619400540069,0.0,0.0,0.1528619400540069
2020-07-11 02:11:00+00:00,0.0,0.1401234450495063,0.0,0.0,0.1401234450495063
2020-07-11 03:11:00+00:00,0.0,0.1401234450495063,0.0,0.0,0.1401234450495063
2020-07-11 04:11:00+00:00,0.0,0.1528619400540069,0.0,0.0,0.1528619400540069
2020-07-11 05:11:00+00:00,0.3705529086719999,0.2063636190729094,0.2063636190729094,0.1641892895990905,0.0
2020-07-11 06:11:00+00:00,0.8475196800000001,0.2929853851035133,0.2929853851035133,0.5545342948964868,0.0
2020-07-11 07:11:00+00:00,1.310600486784,0.4025364421422183,0.4025364421422183,0.9080640446417816,0.0
2020-07-11 08:11:00+00:00,1.4169482023679998,0.44075192715572,0.44075192715572,0.9761962752122796,0.0
2020-07-11 09:11:00+00:00,1.932925894656,0.3872502481368176,0.3872502481368176,1.5456756465191823,0.0
2020-07-11 10:11:00+00:00,0.901839189888,0.3413916661206155,0.3413916661206155,0.5604475237673844,0.0
2020-07-11 11:11:00+00:00,1.76880201408,0.3133669771107142,0.3133669771107142,1.455435036969286,0.0
2020-07-11 12:11:00+00:00,2.2010939182079996,0.3006284821062137,0.3006284821062137,1.900465436101786,0.0
2020-07-11 13:11:00+00:00,2.35273510656,0.3006284821062137,0.3006284821062137,2.052106624453786,0.0
2020-07-11 14:11:00+00:00,1.60926703296,0.3057238801080139,0.3057238801080139,1.303543152851986,0.0
2020-07-11 15:11:00+00:00,1.9951972535039997,0.3133669771107142,0.3133669771107142,1.6818302763932853,0.0
2020-07-11 16:11:00+00:00,1.7365665116159998,0.3439393651215157,0.3439393651215157,1.3926271464944842,0.0
2020-07-11 17:11:00+00:00,1.350088472448,0.4534904221602206,0.4534904221602206,0.8965980502877794,0.0
2020-07-11 18:11:00+00:00,0.6962433407999998,0.5401121881908245,0.5401121881908245,0.1561311526091753,0.0
2020-07-11 19:11:00+00:00,0.0849703392,0.5783276732043263,0.0849703392,0.0,0.4933573340043263
2020-07-11 20:11:00+00:00,0.0,0.5401121881908245,0.0,0.0,0.5401121881908245
2020-07-11 21:11:00+00:00,0.0,0.4534904221602206,0.0,0.0,0.4534904221602206
2020-07-11 22:11:00+00:00,0.0,0.3439393651215157,0.0,0.0,0.3439393651215157
2020-07-11 23:11:00+00:00,0.0,0.2369360070837107,0.0,0.0,0.2369360070837107
2020-07-12 00:11:00+00:00,0.0,0.1783092823779656,0.0,0.0,0.1783092823779656
2020-07-12 01:11:00+00:00,0.0,0.1528365277525419,0.0,0.0,0.1528365277525419
2020-07-12 02:11:00+00:00,0.0,0.1401001504398301,0.0,0.0,0.1401001504398301
2020-07-12 03:11:00+00:00,0.0,0.1401001504398301,0.0,0.0,0.1401001504398301
2020-07-12 04:11:00+00:00,0.0,0.1528365277525419,0.0,0.0,0.1528365277525419
2020-07-12 05:11:00+00:00,0.3211082035199999,0.2063293124659316,0.2063293124659316,0.1147788910540683,0.0
2020-07-12 06:11:00+00:00,0.7101988208639999,0.292936678192372,0.292936678192372,0.4172621426716278,0.0
2020-07-12 07:11:00+00:00,1.3513166515199997,0.4024695230816938,0.4024695230816938,0.948847128438306,0.0
2020-07-12 08:11:00+00:00,1.7634226851839998,0.4406786550198292,0.4406786550198292,1.3227440301641706,0.0
2020-07-12 09:11:00+00:00,2.1967678237439996,0.3871858703064396,0.3871858703064396,1.80958195343756,0.0
2020-07-12 10:11:00+00:00,2.4521411548464,0.341334911980677,0.341334911980677,2.110806242865723,0.0
2020-07-12 11:11:00+00:00,2.5332013579977604,0.3133148818927109,0.3133148818927109,2.2198864761050494,0.0
2020-07-12 12:11:00+00:00,2.5169791601097597,0.3005785045799992,0.3005785045799992,2.2164006555297604,0.0
2020-07-12 13:11:00+00:00,2.47574935692,0.3005785045799992,0.3005785045799992,2.1751708523400004,0.0
2020-07-12 14:11:00+00:00,2.3888442366691196,0.3056730555050839,0.3056730555050839,2.083171181164036,0.0
2020-07-12 15:11:00+00:00,2.1881279692799995,0.3133148818927109,0.3133148818927109,1.8748130873872888,0.0
2020-07-12 16:11:00+00:00,1.7666950828799997,0.3438821874432194,0.3438821874432194,1.4228128954367802,0.0
2020-07-12 17:11:00+00:00,1.27776551616,0.4534150323325411,0.4534150323325411,0.8243504838274588,0.0
2020-07-12 18:11:00+00:00,0.8538510412800001,0.5400223980589816,0.5400223980589816,0.3138286432210185,0.0
2020-07-12 19:11:00+00:00,0.2013816729599999,0.578231529997117,0.2013816729599999,0.0,0.376849857037117
2020-07-12 20:11:00+00:00,0.0,0.5400223980589816,0.0,0.0,0.5400223980589816
2020-07-12 21:11:00+00:00,0.0,0.4534150323325411,0.0,0.0,0.4534150323325411
2020-07-12 22:11:00+00:00,0.0,0.3438821874432194,0.0,0.0,0.3438821874432194
2020-07-12 23:11:00+00:00,0.0,0.23689661801644,0.0,0.0,0.23689661801644
2020-07-13 00:11:00+00:00,0.0,0.1782868139757044,0.0,0.0,0.1782868139757044
2020-07-13 01:11:00+00:00,0.0,0.1528172691220323,0.0,0.0,0.1528172691220323
2020-07-13 02:11:00+00:00,0.0,0.1400824966951963,0.0,0.0,0.1400824966951963
2020-07-13 03:11:00+00:00,0.0,0.1400824966951963,0.0,0.0,0.1400824966951963
2020-07-13 04:11:00+00:00,0.0,0.1528172691220323,0.0,0.0,0.1528172691220323
2020-07-13 05:11:00+00:00,0.235149109248,0.2164911312562124,0.2164911312562124,0.0186579779917875,0.0
2020-07-13 06:11:00+00:00,0.5605099948800001,0.3183693106709006,0.3183693106709006,0.2421406842090994,0.0
2020-07-13 07:11:00+00:00,0.9876088089599998,0.458451807366097,0.458451807366097,0.5291570015939029,0.0
2020-07-13 08:11:00+00:00,1.123168679808,0.4966561246466051,0.4966561246466051,0.626512555161395,0.0
2020-07-13 09:11:00+00:00,1.347038854656,0.3820431728050808,0.3820431728050808,0.9649956818509192,0.0
2020-07-13 10:11:00+00:00,0.8084990499839999,0.2801649933903926,0.2801649933903926,0.5283340565936073,0.0
2020-07-13 11:11:00+00:00,1.5690471033599998,0.2164911312562124,0.2164911312562124,1.3525559721037872,0.0
2020-07-13 12:11:00+00:00,1.207248048,0.1782868139757044,0.1782868139757044,1.0289612340242955,0.0
2020-07-13 13:11:00+00:00,1.204183107072,0.1782868139757044,0.1782868139757044,1.0258962930962956,0.0
2020-07-13 14:11:00+00:00,0.7940580510719999,0.2037563588293764,0.2037563588293764,0.5903016922426234,0.0
2020-07-13 15:11:00+00:00,0.472790803968,0.2419606761098845,0.2419606761098845,0.2308301278581155,0.0
2020-07-13 16:11:00+00:00,0.8261711665919999,0.3183693106709006,0.3183693106709006,0.5078018559210993,0.0
2020-07-13 17:11:00+00:00,0.229912295424,0.483921352219769,0.229912295424,0.0,0.254009056795769
2020-07-13 18:11:00+00:00,0.1091176366079999,0.5857995316344572,0.1091176366079999,0.0,0.4766818950264572
2020-07-13 19:11:00+00:00,0.129483075072,0.6240038489149652,0.129483075072,0.0,0.4945207738429651
2020-07-13 20:11:00+00:00,0.0,0.5857995316344572,0.0,0.0,0.5857995316344572
2020-07-13 21:11:00+00:00,0.0,0.483921352219769,0.0,0.0,0.483921352219769
2020-07-13 22:11:00+00:00,0.0,0.3693084003782447,0.0,0.0,0.3693084003782447
2020-07-13 23:11:00+00:00,0.0,0.2419606761098845,0.0,0.0,0.2419606761098845
2020-07-14 00:11:00+00:00,0.0,0.1782715315049861,0.0,0.0,0.1782715315049861
2020-07-14 01:11:00+00:00,0.0,0.1528041698614167,0.0,0.0,0.1528041698614167
2020-07-14 02:11:00+00:00,0.0,0.1400704890396319,0.0,0.0,0.1400704890396319
2020-07-14 03:11:00+00:00,0.0,0.1400704890396319,0.0,0.0,0.1400704890396319
2020-07-14 04:11:00+00:00,0.0,0.1528041698614167,0.0,0.0,0.1528041698614167
2020-07-14 05:11:00+00:00,0.1065886421759999,0.2164725739703403,0.1065886421759999,0.0,0.1098839317943403
2020-07-14 06:11:00+00:00,0.0860205023999999,0.3183420205446181,0.0860205023999999,0.0,0.2323215181446181
2020-07-14 07:11:00+00:00,0.28580686848,0.4584125095842501,0.28580686848,0.0,0.17260564110425
2020-07-14 08:11:00+00:00,0.9812249395199998,0.4966135520496043,0.4966135520496043,0.4846113874703954,0.0
2020-07-14 09:11:00+00:00,1.146838301568,0.3820104246535418,0.3820104246535418,0.7648278769144581,0.0
2020-07-14 10:11:00+00:00,1.49051446272,0.2801409780792639,0.2801409780792639,1.210373484640736,0.0
2020-07-14 11:11:00+00:00,1.324836340608,0.2164725739703403,0.2164725739703403,1.1083637666376596,0.0
2020-07-14 12:11:00+00:00,1.4899373187840002,0.1782715315049861,0.1782715315049861,1.311665787279014,0.0
2020-07-14 13:11:00+00:00,1.294526120832,0.1782715315049861,0.1782715315049861,1.116254589327014,0.0
2020-07-14 14:11:00+00:00,1.42005866688,0.2037388931485556,0.2037388931485556,1.2163197737314444,0.0
2020-07-14 15:11:00+00:00,0.9666044881919996,0.2419399356139098,0.2419399356139098,0.7246645525780899,0.0
2020-07-14 16:11:00+00:00,1.269861948288,0.3183420205446181,0.3183420205446181,0.951519927743382,0.0
2020-07-14 17:11:00+00:00,1.1607046828799998,0.4838798712278196,0.4838798712278196,0.6768248116521802,0.0
2020-07-14 18:11:00+00:00,0.5130053671679999,0.5857493178020974,0.5130053671679999,0.0,0.0727439506340974
2020-07-14 19:11:00+00:00,0.257773983744,0.6239503602674515,0.257773983744,0.0,0.3661763765234515
2020-07-14 20:11:00+00:00,0.0,0.5857493178020974,0.0,0.0,0.5857493178020974
2020-07-14 21:11:00+00:00,0.0,0.4838798712278196,0.0,0.0,0.4838798712278196
2020-07-14 22:11:00+00:00,0.0,0.369276743831757,0.0,0.0,0.369276743831757
2020-07-14 23:11:00+00:00,0.0,0.2419399356139098,0.0,0.0,0.2419399356139098
2020-07-15 00:11:00+00:00,0.0,0.1782634394881399,0.0,0.0,0.1782634394881399
2020-07-15 01:11:00+00:00,0.0,0.152797233846977,0.0,0.0,0.152797233846977
2020-07-15 02:11:00+00:00,0.0,0.1400641310263956,0.0,0.0,0.1400641310263956
2020-07-15 03:11:00+00:00,0.0,0.1400641310263956,0.0,0.0,0.1400641310263956
2020-07-15 04:11:00+00:00,0.0,0.152797233846977,0.0,0.0,0.152797233846977
2020-07-15 05:11:00+00:00,0.226901233152,0.2164627479498842,0.2164627479498842,0.0104384852021157,0.0
2020-07-15 06:11:00+00:00,0.2132520176639999,0.3183275705145356,0.2132520176639999,0.0,0.1050755528505356
2020-07-15 07:11:00+00:00,0.3416861184,0.4583917015409313,0.3416861184,0.0,0.1167055831409312
2020-07-15 08:11:00+00:00,1.0333781410559997,0.4965910100026756,0.4965910100026756,0.5367871310533241,0.0
2020-07-15 09:11:00+00:00,0.576877085568,0.3819930846174427,0.3819930846174427,0.1948840009505572,0.0
2020-07-15 10:11:00+00:00,0.518361199488,0.2801282620527913,0.2801282620527913,0.2382329374352086,0.0
2020-07-15 11:11:00+00:00,1.3922899246079998,0.2164627479498842,0.2164627479498842,1.1758271766581156,0.0
2020-07-15 12:11:00+00:00,0.993989376,0.1782634394881399,0.1782634394881399,0.8157259365118601,0.0
2020-07-15 13:11:00+00:00,0.9823379639039996,0.1782634394881399,0.1782634394881399,0.8040745244158598,0.0
2020-07-15 14:11:00+00:00,0.584345875968,0.2037296451293028,0.2037296451293028,0.3806162308386972,0.0
2020-07-15 15:11:00+00:00,0.517372939776,0.2419289535910471,0.2419289535910471,0.2754439861849528,0.0
2020-07-15 16:11:00+00:00,0.3348445858559999,0.3183275705145356,0.3183275705145356,0.0165170153414643,0.0
2020-07-15 17:11:00+00:00,0.4413467216639999,0.4838579071820942,0.4413467216639999,0.0,0.0425111855180942
2020-07-15 18:11:00+00:00,0.274565614464,0.5857227297467456,0.274565614464,0.0,0.3111571152827455
2020-07-15 19:11:00+00:00,0.0718508286719999,0.6239220382084897,0.0718508286719999,0.0,0.5520712095364897
2020-07-15 20:11:00+00:00,0.0,0.5857227297467456,0.0,0.0,0.5857227297467456
2020-07-15 21:11:00+00:00,0.0,0.4838579071820942,0.0,0.0,0.4838579071820942
2020-07-15 22:11:00+00:00,0.0,0.3692599817968612,0.0,0.0,0.3692599817968612
2020-07-15 23:11:00+00:00,0.0,0.2419289535910471,0.0,0.0,0.2419289535910471
2020-07-16 00:11:00+00:00,0.0,0.1782625403197237,0.0,0.0,0.1782625403197237
2020-07-16 01:11:00+00:00,0.0,0.1527964631311917,0.0,0.0,0.1527964631311917
2020-07-16 02:11:00+00:00,0.0,0.1400634245369257,0.0,0.0,0.1400634245369257
2020-07-16 03:11:00+00:00,0.0,0.1400634245369257,0.0,0.0,0.1400634245369257
2020-07-16 04:11:00+00:00,0.0,0.1527964631311917,0.0,0.0,0.1527964631311917
2020-07-16 05:11:00+00:00,0.1847797816319999,0.2164616561025216,0.1847797816319999,0.0,0.0316818744705216
2020-07-16 06:11:00+00:00,0.2559884256,0.3183259648566494,0.2559884256,0.0,0.0623375392566493
2020-07-16 07:11:00+00:00,0.6053101056,0.4583893893935751,0.4583893893935751,0.1469207162064248,0.0
2020-07-16 08:11:00+00:00,0.8621100134399999,0.4965885051763731,0.4965885051763731,0.3655215082636268,0.0
2020-07-16 09:11:00+00:00,0.9781793176319998,0.3819911578279792,0.3819911578279792,0.5961881598040206,0.0
2020-07-16 10:11:00+00:00,0.7702863686399999,0.2801268490738515,0.2801268490738515,0.4901595195661484,0.0
2020-07-16 11:11:00+00:00,1.020043181952,0.2164616561025216,0.2164616561025216,0.8035815258494783,0.0
2020-07-16 12:11:00+00:00,1.632438867456,0.1782625403197237,0.1782625403197237,1.4541763271362762,0.0
2020-07-16 13:11:00+00:00,1.8181283942399995,0.1782625403197237,0.1782625403197237,1.6398658539202755,0.0
2020-07-16 14:11:00+00:00,1.8342654892799997,0.2037286175082556,0.2037286175082556,1.630536871771744,0.0
2020-07-16 15:11:00+00:00,1.4583094579200002,0.2419277332910535,0.2419277332910535,1.2163817246289468,0.0
2020-07-16 16:11:00+00:00,1.250699970432,0.3183259648566494,0.3183259648566494,0.9323740055753508,0.0
2020-07-16 17:11:00+00:00,0.665094493056,0.4838554665821071,0.4838554665821071,0.1812390264738929,0.0
2020-07-16 18:11:00+00:00,0.27662776512,0.5857197753362349,0.27662776512,0.0,0.3090920102162348
2020-07-16 19:11:00+00:00,0.057240878976,0.6239188911190328,0.057240878976,0.0,0.5666780121430327
2020-07-16 20:11:00+00:00,0.0,0.5857197753362349,0.0,0.0,0.5857197753362349
2020-07-16 21:11:00+00:00,0.0,0.4838554665821071,0.0,0.0,0.4838554665821071
2020-07-16 22:11:00+00:00,0.0,0.3692581192337132,0.0,0.0,0.3692581192337132
2020-07-16 23:11:00+00:00,0.0,0.2419277332910535,0.0,0.0,0.2419277332910535
2020-07-17 00:11:00+00:00,0.0,0.1782688342658157,0.0,0.0,0.1782688342658157
2020-07-17 01:11:00+00:00,0.0,0.1528018579421277,0.0,0.0,0.1528018579421277
2020-07-17 02:11:00+00:00,0.0,0.1400683697802838,0.0,0.0,0.1400683697802838
2020-07-17 03:11:00+00:00,0.0,0.1400683697802838,0.0,0.0,0.1400683697802838
2020-07-17 04:11:00+00:00,0.0,0.1528018579421277,0.0,0.0,0.1528018579421277
2020-07-17 05:11:00+00:00,0.1847797816319999,0.2164692987513477,0.1847797816319999,0.0,0.0316895171193477
2020-07-17 06:11:00+00:00,0.2919386987519999,0.3183372040460995,0.2919386987519999,0.0,0.0263985052940995
2020-07-17 07:11:00+00:00,1.0329169939199998,0.4584055738263833,0.4584055738263833,0.5745114200936164,0.0
2020-07-17 08:11:00+00:00,1.7033316203519997,0.4966060383119153,0.4966060383119153,1.2067255820400844,0.0
2020-07-17 09:11:00+00:00,1.993204453248,0.3820046448553195,0.3820046448553195,1.6111998083926804,0.0
2020-07-17 10:11:00+00:00,1.955878614912,0.2801367395605676,0.2801367395605676,1.6757418753514324,0.0
2020-07-17 11:11:00+00:00,1.755903780864,0.2164692987513477,0.2164692987513477,1.5394344821126522,0.0
2020-07-17 12:11:00+00:00,2.3372093887535996,0.1782688342658157,0.1782688342658157,2.158940554487784,0.0
2020-07-17 13:11:00+00:00,2.1329669088000003,0.1782688342658157,0.1782688342658157,1.9546980745341844,0.0
2020-07-17 14:11:00+00:00,1.4837381855999998,0.2037358105895037,0.2037358105895037,1.280002375010496,0.0
2020-07-17 15:11:00+00:00,1.835138660352,0.2419362750750356,0.2419362750750356,1.5932023852769643,0.0
2020-07-17 16:11:00+00:00,1.4631266688,0.3183372040460995,0.3183372040460995,1.1447894647539003,0.0
2020-07-17 17:11:00+00:00,1.2457672416,0.4838725501500713,0.4838725501500713,0.7618946914499287,0.0
2020-07-17 18:11:00+00:00,0.758751432192,0.5857404554448232,0.5857404554448232,0.1730109767471768,0.0
2020-07-17 19:11:00+00:00,0.2595783490559999,0.623940919930355,0.2595783490559999,0.0,0.3643625708743551
2020-07-17 20:11:00+00:00,0.0,0.5857404554448232,0.0,0.0,0.5857404554448232
2020-07-17 21:11:00+00:00,0.0,0.4838725501500713,0.0,0.0,0.4838725501500713
2020-07-17 22:11:00+00:00,0.0,0.3692711566934755,0.0,0.0,0.3692711566934755
2020-07-17 23:11:00+00:00,0.0,0.2419362750750356,0.0,0.0,0.2419362750750356
2020-07-18 00:11:00+00:00,0.0,0.1782823194639363,0.0,0.0,0.1782823194639363
2020-07-18 01:11:00+00:00,0.0,0.1528134166833739,0.0,0.0,0.1528134166833739
2020-07-18 02:11:00+00:00,0.0,0.1400789652930928,0.0,0.0,0.1400789652930928
2020-07-18 03:11:00+00:00,0.0,0.1400789652930928,0.0,0.0,0.1400789652930928
2020-07-18 04:11:00+00:00,0.0,0.1528134166833739,0.0,0.0,0.1528134166833739
2020-07-18 05:11:00+00:00,0.1479368037119999,0.2062981125225548,0.1479368037119999,0.0,0.0583613088105548
2020-07-18 06:11:00+00:00,0.133693552512,0.2928923819764667,0.133693552512,0.0,0.1591988294644667
2020-07-18 07:11:00+00:00,0.771948945408,0.4024086639328847,0.4024086639328847,0.3695402814751152,0.0
2020-07-18 08:11:00+00:00,1.21465673472,0.4406120181037282,0.4406120181037282,0.7740447166162719,0.0
2020-07-18 09:11:00+00:00,1.041039973248,0.3871273222645473,0.3871273222645473,0.6539126509834527,0.0
2020-07-18 10:11:00+00:00,0.6578906376960001,0.3412832972595351,0.3412832972595351,0.3166073404364649,0.0
2020-07-18 11:11:00+00:00,1.8076672992,0.3132675042009166,0.3132675042009166,1.4943997949990833,0.0
2020-07-18 12:11:00+00:00,0.7159420247039999,0.3005330528106354,0.3005330528106354,0.4154089718933644,0.0
2020-07-18 13:11:00+00:00,1.3624179168,0.3005330528106354,0.3005330528106354,1.0618848639893643,0.0
2020-07-18 14:11:00+00:00,0.7940580510719999,0.3056268333667479,0.3056268333667479,0.488431217705252,0.0
2020-07-18 15:11:00+00:00,0.340580408832,0.3132675042009166,0.3132675042009166,0.0273129046310834,0.0
2020-07-18 16:11:00+00:00,1.017851841408,0.3438301875375914,0.3438301875375914,0.6740216538704086,0.0
2020-07-18 17:11:00+00:00,0.6822056805119999,0.4533464694940093,0.4533464694940093,0.2288592110179905,0.0
2020-07-18 18:11:00+00:00,0.0709686915839999,0.5399407389479214,0.0709686915839999,0.0,0.4689720473639214
2020-07-18 19:11:00+00:00,0.027134631936,0.5781440931187648,0.027134631936,0.0,0.5510094611827648
2020-07-18 20:11:00+00:00,0.0,0.5399407389479214,0.0,0.0,0.5399407389479214
2020-07-18 21:11:00+00:00,0.0,0.4533464694940093,0.0,0.0,0.4533464694940093
2020-07-18 22:11:00+00:00,0.0,0.3438301875375914,0.0,0.0,0.3438301875375914
2020-07-18 23:11:00+00:00,0.0,0.2368607958592296,0.0,0.0,0.2368607958592296
2020-07-19 00:11:00+00:00,0.0,0.1783029919235981,0.0,0.0,0.1783029919235981
2020-07-19 01:11:00+00:00,0.0,0.1528311359345127,0.0,0.0,0.1528311359345127
2020-07-19 02:11:00+00:00,0.0,0.14009520793997,0.0,0.0,0.14009520793997
2020-07-19 03:11:00+00:00,0.0,0.14009520793997,0.0,0.0,0.14009520793997
2020-07-19 04:11:00+00:00,0.0,0.1528311359345127,0.0,0.0,0.1528311359345127
2020-07-19 05:11:00+00:00,0.13134536448,0.2063220335115921,0.13134536448,0.0,0.0749766690315921
2020-07-19 06:11:00+00:00,0.5182284595200001,0.2929263438744827,0.2929263438744827,0.2253021156455174,0.0
2020-07-19 07:11:00+00:00,1.0409407856640005,0.4024553246275501,0.4024553246275501,0.6384854610364501,0.0
2020-07-19 08:11:00+00:00,1.783112122368,0.4406631086111782,0.4406631086111782,1.3424490137568217,0.0
2020-07-19 09:11:00+00:00,2.1607433952000004,0.3871722110340988,0.3871722110340988,1.7735711841659016,0.0
2020-07-19 10:11:00+00:00,2.1853836583679995,0.3413228702537451,0.3413228702537451,1.8440607881142543,0.0
2020-07-19 11:11:00+00:00,2.12825116416,0.313303828665751,0.313303828665751,1.814947335494249,0.0
2020-07-19 12:11:00+00:00,2.264489166336,0.3005679006712083,0.3005679006712083,1.9639212656647915,0.0
2020-07-19 13:11:00+00:00,2.22545829888,0.3005679006712083,0.3005679006712083,1.9248903982087917,0.0
2020-07-19 14:11:00+00:00,2.2672708934399997,0.3056622718690254,0.3056622718690254,1.9616086215709745,0.0
2020-07-19 15:11:00+00:00,1.8755881562879997,0.313303828665751,0.313303828665751,1.5622843276222484,0.0
2020-07-19 16:11:00+00:00,1.650880971648,0.3438700558526535,0.3438700558526535,1.3070109157953465,0.0
2020-07-19 17:11:00+00:00,1.29787647168,0.453399036605721,0.453399036605721,0.844477435074279,0.0
2020-07-19 18:11:00+00:00,0.678284163072,0.5400033469686116,0.5400033469686116,0.1382808161033883,0.0
2020-07-19 19:11:00+00:00,0.30473853696,0.5782111309522397,0.30473853696,0.0,0.2734725939922398
2020-07-19 20:11:00+00:00,0.0,0.5400033469686116,0.0,0.0,0.5400033469686116
2020-07-19 21:11:00+00:00,0.0,0.453399036605721,0.0,0.0,0.453399036605721
2020-07-19 22:11:00+00:00,0.0,0.3438700558526535,0.0,0.0,0.3438700558526535
2020-07-19 23:11:00+00:00,0.0,0.2368882606984947,0.0,0.0,0.2368882606984947
2020-07-20 00:11:00+00:00,0.0,0.178330845527488,0.0,0.0,0.178330845527488
2020-07-20 01:11:00+00:00,0.0,0.1528550104521325,0.0,0.0,0.1528550104521325
2020-07-20 02:11:00+00:00,0.0,0.1401170929144548,0.0,0.0,0.1401170929144548
2020-07-20 03:11:00+00:00,0.0,0.1401170929144548,0.0,0.0,0.1401170929144548
2020-07-20 04:11:00+00:00,0.0,0.1528550104521325,0.0,0.0,0.1528550104521325
2020-07-20 05:11:00+00:00,0.281948459904,0.2165445981405211,0.2165445981405211,0.0654038617634788,0.0
2020-07-20 06:11:00+00:00,0.776604801024,0.3184479384419428,0.3184479384419428,0.4581568625820571,0.0
2020-07-20 07:11:00+00:00,1.307462694912,0.4585650313563977,0.4585650313563977,0.8488976635556023,0.0
2020-07-20 08:11:00+00:00,1.7514492395519998,0.4967787839694308,0.4967787839694308,1.254670455582569,0.0
2020-07-20 09:11:00+00:00,1.859463593856,0.3821375261303313,0.3821375261303313,1.4773260677256683,0.0
2020-07-20 10:11:00+00:00,2.13209284608,0.2802341858289097,0.2802341858289097,1.8518586602510905,0.0
2020-07-20 11:11:00+00:00,1.607357799936,0.2165445981405211,0.2165445981405211,1.3908132017954788,0.0
2020-07-20 12:11:00+00:00,1.607357799936,0.178330845527488,0.178330845527488,1.429026954408512,0.0
2020-07-20 13:11:00+00:00,2.17074438336,0.178330845527488,0.178330845527488,1.992413537832512,0.0
2020-07-20 14:11:00+00:00,1.19917962432,0.2038066806028434,0.2038066806028434,0.9953729437171568,0.0
2020-07-20 15:11:00+00:00,1.558518276096,0.2420204332158766,0.2420204332158766,1.3164978428801233,0.0
2020-07-20 16:11:00+00:00,1.23011320512,0.3184479384419428,0.3184479384419428,0.9116652666780573,0.0
2020-07-20 17:11:00+00:00,1.0275691699199998,0.4840408664317532,0.4840408664317532,0.5435283034882465,0.0
2020-07-20 18:11:00+00:00,0.6685583143680001,0.5859442067331748,0.5859442067331748,0.0826141076348252,0.0
2020-07-20 19:11:00+00:00,0.2974231265279999,0.624157959346208,0.2974231265279999,0.0,0.326734832818208
2020-07-20 20:11:00+00:00,0.0,0.5859442067331748,0.0,0.0,0.5859442067331748
2020-07-20 21:11:00+00:00,0.0,0.4840408664317532,0.0,0.0,0.4840408664317532
2020-07-20 22:11:00+00:00,0.0,0.3693996085926537,0.0,0.0,0.3693996085926537
2020-07-20 23:11:00+00:00,0.0,0.2420204332158766,0.0,0.0,0.2420204332158766
2020-07-21 00:11:00+00:00,0.0,0.1783658720332763,0.0,0.0,0.1783658720332763
2020-07-21 01:11:00+00:00,0.0,0.1528850331713796,0.0,0.0,0.1528850331713796
2020-07-21 02:11:00+00:00,0.0,0.1401446137404313,0.0,0.0,0.1401446137404313
2020-07-21 03:11:00+00:00,0.0,0.1401446137404313,0.0,0.0,0.1401446137404313
2020-07-21 04:11:00+00:00,0.0,0.1528850331713796,0.0,0.0,0.1528850331713796
2020-07-21 05:11:00+00:00,0.266297346048,0.2165871303261212,0.2165871303261212,0.0497102157218788,0.0
2020-07-21 06:11:00+00:00,0.7349837126399998,0.3185104857737076,0.3185104857737076,0.4164732268662922,0.0
2020-07-21 07:11:00+00:00,1.26612133632,0.458655099514139,0.458655099514139,0.8074662368058609,0.0
2020-07-21 08:11:00+00:00,1.700414726016,0.4968763578069839,0.4968763578069839,1.2035383682090162,0.0
2020-07-21 09:11:00+00:00,2.095608987648,0.3822125829284492,0.3822125829284492,1.7133964047195511,0.0
2020-07-21 10:11:00+00:00,2.1897822735359997,0.2802892274808627,0.2802892274808627,1.909493046055137,0.0
2020-07-21 11:11:00+00:00,1.7835440762879995,0.2165871303261212,0.2165871303261212,1.5669569459618784,0.0
2020-07-21 12:11:00+00:00,1.918923982848,0.1783658720332763,0.1783658720332763,1.7405581108147234,0.0
2020-07-21 13:11:00+00:00,1.4381682524159998,0.1783658720332763,0.1783658720332763,1.2598023803827234,0.0
2020-07-21 14:11:00+00:00,1.206340152192,0.2038467108951729,0.2038467108951729,1.0024934412968272,0.0
2020-07-21 15:11:00+00:00,1.75325959872,0.2420679691880178,0.2420679691880178,1.511191629531982,0.0
2020-07-21 16:11:00+00:00,0.573791851392,0.3185104857737076,0.3185104857737076,0.2552813656182923,0.0
2020-07-21 17:11:00+00:00,0.364401726336,0.4841359383760356,0.364401726336,0.0,0.1197342120400356
2020-07-21 18:11:00+00:00,0.1888328171519999,0.5860592938236221,0.1888328171519999,0.0,0.3972264766716221
2020-07-21 19:11:00+00:00,0.047450930688,0.6242805521164669,0.047450930688,0.0,0.5768296214284669
2020-07-21 20:11:00+00:00,0.0,0.5860592938236221,0.0,0.0,0.5860592938236221
2020-07-21 21:11:00+00:00,0.0,0.4841359383760356,0.0,0.0,0.4841359383760356
2020-07-21 22:11:00+00:00,0.0,0.3694721634975008,0.0,0.0,0.3694721634975008
2020-07-21 23:11:00+00:00,0.0,0.2420679691880178,0.0,0.0,0.2420679691880178
2020-07-22 00:11:00+00:00,0.0,0.1784080610760564,0.0,0.0,0.1784080610760564
2020-07-22 01:11:00+00:00,0.0,0.1529211952080484,0.0,0.0,0.1529211952080484
2020-07-22 02:11:00+00:00,0.0,0.1401777622740443,0.0,0.0,0.1401777622740443
2020-07-22 03:11:00+00:00,0.0,0.1401777622740443,0.0,0.0,0.1401777622740443
2020-07-22 04:11:00+00:00,0.0,0.1529211952080484,0.0,0.0,0.1529211952080484
2020-07-22 05:11:00+00:00,0.0796409260799999,0.2166383598780686,0.0796409260799999,0.0,0.1369974337980686
2020-07-22 06:11:00+00:00,0.2706168687359999,0.3185858233501008,0.2706168687359999,0.0,0.0479689546141008
2020-07-22 07:11:00+00:00,0.928782018432,0.4587635856241451,0.4587635856241451,0.470018432807855,0.0
2020-07-22 08:11:00+00:00,1.300112989056,0.4969938844261573,0.4969938844261573,0.8031191046298428,0.0
2020-07-22 09:11:00+00:00,1.765952257536,0.3823029880201209,0.3823029880201209,1.383649269515879,0.0
2020-07-22 10:11:00+00:00,2.33125246085088,0.2803555245480887,0.2803555245480887,2.050896936302791,0.0
2020-07-22 11:11:00+00:00,1.5211118591999997,0.2166383598780686,0.2166383598780686,1.3044734993219311,0.0
2020-07-22 12:11:00+00:00,1.9217491034879997,0.1784080610760564,0.1784080610760564,1.743341042411943,0.0
2020-07-22 13:11:00+00:00,1.4583094579200002,0.1784080610760564,0.1784080610760564,1.2799013968439437,0.0
2020-07-22 14:11:00+00:00,0.6668583874559999,0.2038949269440645,0.2038949269440645,0.4629634605119354,0.0
2020-07-22 15:11:00+00:00,1.205457222528,0.2421252257460766,0.2421252257460766,0.9633319967819234,0.0
2020-07-22 16:11:00+00:00,1.4224858152959998,0.3185858233501008,0.3185858233501008,1.103899991945899,0.0
2020-07-22 17:11:00+00:00,0.8583027425280001,0.4842504514921533,0.4842504514921533,0.3740522910358468,0.0
2020-07-22 18:11:00+00:00,0.53464105728,0.5861979149641855,0.53464105728,0.0,0.0515568576841855
2020-07-22 19:11:00+00:00,0.1211856629759999,0.6244282137661976,0.1211856629759999,0.0,0.5032425507901976
2020-07-22 20:11:00+00:00,0.0,0.5861979149641855,0.0,0.0,0.5861979149641855
2020-07-22 21:11:00+00:00,0.0,0.4842504514921533,0.0,0.0,0.4842504514921533
2020-07-22 22:11:00+00:00,0.0,0.3695595550861169,0.0,0.0,0.3695595550861169
2020-07-22 23:11:00+00:00,0.0,0.2421252257460766,0.0,0.0,0.2421252257460766
2020-07-23 00:11:00+00:00,0.0,0.1784574001714119,0.0,0.0,0.1784574001714119
2020-07-23 01:11:00+00:00,0.0,0.1529634858612102,0.0,0.0,0.1529634858612102
2020-07-23 02:11:00+00:00,0.0,0.1402165287061094,0.0,0.0,0.1402165287061094
2020-07-23 03:11:00+00:00,0.0,0.1402165287061094,0.0,0.0,0.1402165287061094
2020-07-23 04:11:00+00:00,0.0,0.1529634858612102,0.0,0.0,0.1529634858612102
2020-07-23 05:11:00+00:00,0.176719729536,0.2166982716367145,0.176719729536,0.0,0.0399785421007145
2020-07-23 06:11:00+00:00,0.5483148921599998,0.3186739288775214,0.3186739288775214,0.2296409632824784,0.0
2020-07-23 07:11:00+00:00,0.3671521136639999,0.4588904575836307,0.3671521136639999,0.0,0.0917383439196307
2020-07-23 08:11:00+00:00,0.826766787456,0.4971313290489333,0.4971313290489333,0.3296354584070666,0.0
2020-07-23 09:11:00+00:00,1.5533197701119998,0.3824087146530256,0.3824087146530256,1.170911055458974,0.0
2020-07-23 10:11:00+00:00,1.4501127525119997,0.2804330574122188,0.2804330574122188,1.1696796950997808,0.0
2020-07-23 11:11:00+00:00,2.054565422976,0.2166982716367145,0.2166982716367145,1.8378671513392857,0.0
2020-07-23 12:11:00+00:00,1.26256663296,0.1784574001714119,0.1784574001714119,1.0841092327885882,0.0
2020-07-23 13:11:00+00:00,0.973997818752,0.1784574001714119,0.1784574001714119,0.7955404185805879,0.0
2020-07-23 14:11:00+00:00,0.647735311872,0.2039513144816137,0.2039513144816137,0.4437839973903862,0.0
2020-07-23 15:11:00+00:00,1.119961124736,0.2421921859469162,0.2421921859469162,0.8777689387890837,0.0
2020-07-23 16:11:00+00:00,0.568947098496,0.3186739288775214,0.3186739288775214,0.2502731696184786,0.0
2020-07-23 17:11:00+00:00,0.3956755864319999,0.4843843718938325,0.3956755864319999,0.0,0.0887087854618325
2020-07-23 18:11:00+00:00,0.208477275648,0.5863600291346394,0.208477275648,0.0,0.3778827534866393
2020-07-23 19:11:00+00:00,0.1214377021439999,0.6246009005999418,0.1214377021439999,0.0,0.5031631984559418
2020-07-23 20:11:00+00:00,0.0,0.5863600291346394,0.0,0.0,0.5863600291346394
2020-07-23 21:11:00+00:00,0.0,0.4843843718938325,0.0,0.0,0.4843843718938325
2020-07-23 22:11:00+00:00,0.0,0.3696617574979248,0.0,0.0,0.3696617574979248
2020-07-23 23:11:00+00:00,0.0,0.2421921859469162,0.0,0.0,0.2421921859469162
2020-07-24 00:11:00+00:00,0.0,0.1785138747191107,0.0,0.0,0.1785138747191107
2020-07-24 01:11:00+00:00,0.0,0.1530118926163806,0.0,0.0,0.1530118926163806
2020-07-24 02:11:00+00:00,0.0,0.1402609015650155,0.0,0.0,0.1402609015650155
2020-07-24 03:11:00+00:00,0.0,0.1402609015650155,0.0,0.0,0.1402609015650155
2020-07-24 04:11:00+00:00,0.0,0.1530118926163806,0.0,0.0,0.1530118926163806
2020-07-24 05:11:00+00:00,0.08225353728,0.2167668478732059,0.08225353728,0.0,0.1345133105932059
2020-07-24 06:11:00+00:00,0.265039197696,0.3187747762841263,0.265039197696,0.0,0.0537355785881263
2020-07-24 07:11:00+00:00,0.61785683136,0.4590356778491418,0.4590356778491418,0.1588211535108581,0.0
2020-07-24 08:11:00+00:00,1.24246352064,0.497288651003237,0.497288651003237,0.7451748696367628,0.0
2020-07-24 09:11:00+00:00,1.5165460270079998,0.3825297315409515,0.3825297315409515,1.1340162954670483,0.0
2020-07-24 10:11:00+00:00,1.728893319168,0.2805218031300311,0.2805218031300311,1.4483715160379689,0.0
2020-07-24 11:11:00+00:00,1.92608277696,0.2167668478732059,0.2167668478732059,1.7093159290867943,0.0
2020-07-24 12:11:00+00:00,1.496984244096,0.1785138747191107,0.1785138747191107,1.318470369376889,0.0
2020-07-24 13:11:00+00:00,0.85958920896,0.1785138747191107,0.1785138747191107,0.6810753342408893,0.0
2020-07-24 14:11:00+00:00,1.33255406592,0.2040158568218408,0.2040158568218408,1.128538209098159,0.0
2020-07-24 15:11:00+00:00,1.01306890944,0.242268829975936,0.242268829975936,0.770800079464064,0.0
2020-07-24 16:11:00+00:00,0.659073111552,0.3187747762841263,0.3187747762841263,0.3402983352678737,0.0
2020-07-24 17:11:00+00:00,1.049247972864,0.484537659951872,0.484537659951872,0.564710312912128,0.0
2020-07-24 18:11:00+00:00,0.410308405248,0.5865455883627924,0.410308405248,0.0,0.1762371831147923
2020-07-24 19:11:00+00:00,0.04034608128,0.6247985615168875,0.04034608128,0.0,0.5844524802368876
2020-07-24 20:11:00+00:00,0.0,0.5865455883627924,0.0,0.0,0.5865455883627924
2020-07-24 21:11:00+00:00,0.0,0.484537659951872,0.0,0.0,0.484537659951872
2020-07-24 22:11:00+00:00,0.0,0.3697787404895865,0.0,0.0,0.3697787404895865
2020-07-24 23:11:00+00:00,0.0,0.242268829975936,0.0,0.0,0.242268829975936
2020-07-25 00:11:00+00:00,0.0,0.1785774680074255,0.0,0.0,0.1785774680074255
2020-07-25 01:11:00+00:00,0.0,0.1530664011492218,0.0,0.0,0.1530664011492218
2020-07-25 02:11:00+00:00,0.0,0.14031086772012,0.0,0.0,0.14031086772012
2020-07-25 03:11:00+00:00,0.0,0.14031086772012,0.0,0.0,0.14031086772012
2020-07-25 04:11:00+00:00,0.0,0.1530664011492218,0.0,0.0,0.1530664011492218
2020-07-25 05:11:00+00:00,0.105286439808,0.2066396415514495,0.105286439808,0.0,0.1013532017434495
2020-07-25 06:11:00+00:00,0.223204658688,0.2933772688693418,0.223204658688,0.0,0.0701726101813418
2020-07-25 07:11:00+00:00,0.7734957235200001,0.4030748563596175,0.4030748563596175,0.3704208671603826,0.0
2020-07-25 08:11:00+00:00,1.2766697798400002,0.4413414566469229,0.4413414566469229,0.8353283231930773,0.0
2020-07-25 09:11:00+00:00,0.954137069568,0.3877682162446953,0.3877682162446953,0.5663688533233047,0.0
2020-07-25 10:11:00+00:00,1.374532308864,0.3418482958999288,0.3418482958999288,1.0326840129640713,0.0
2020-07-25 11:11:00+00:00,1.437767852928,0.3137861223559047,0.3137861223559047,1.1239817305720954,0.0
2020-07-25 12:11:00+00:00,0.7145360444159999,0.3010305889268029,0.3010305889268029,0.413505455489197,0.0
2020-07-25 13:11:00+00:00,0.7699984158719998,0.3010305889268029,0.3010305889268029,0.4689678269451968,0.0
2020-07-25 14:11:00+00:00,0.37194006528,0.3061328022984436,0.3061328022984436,0.0658072629815563,0.0
2020-07-25 15:11:00+00:00,0.376005435264,0.3137861223559047,0.3137861223559047,0.0622193129080952,0.0
2020-07-25 16:11:00+00:00,0.8872222556160001,0.3443994025857491,0.3443994025857491,0.542822853030251,0.0
2020-07-25 17:11:00+00:00,1.110457824768,0.4540969900760248,0.4540969900760248,0.6563608346919751,0.0
2020-07-25 18:11:00+00:00,0.258438542208,0.5408346173939172,0.258438542208,0.0,0.2823960751859172
2020-07-25 19:11:00+00:00,0.0919347045119999,0.5791012176812227,0.0919347045119999,0.0,0.4871665131692227
2020-07-25 20:11:00+00:00,0.0,0.5408346173939172,0.0,0.0,0.5408346173939172
2020-07-25 21:11:00+00:00,0.0,0.4540969900760248,0.0,0.0,0.4540969900760248
2020-07-25 22:11:00+00:00,0.0,0.3443994025857491,0.0,0.0,0.3443994025857491
2020-07-25 23:11:00+00:00,0.0,0.2372529217812938,0.0,0.0,0.2372529217812938
2020-07-26 00:11:00+00:00,0.0,0.1786481612180791,0.0,0.0,0.1786481612180791
2020-07-26 01:11:00+00:00,0.0,0.153126995329782,0.0,0.0,0.153126995329782
2020-07-26 02:11:00+00:00,0.0,0.1403664123856335,0.0,0.0,0.1403664123856335
2020-07-26 03:11:00+00:00,0.0,0.1403664123856335,0.0,0.0,0.1403664123856335
2020-07-26 04:11:00+00:00,0.0,0.153126995329782,0.0,0.0,0.153126995329782
2020-07-26 05:11:00+00:00,0.219630206976,0.2067214436952058,0.2067214436952058,0.0129087632807941,0.0
2020-07-26 06:11:00+00:00,0.6901357996799999,0.2934934077154156,0.2934934077154156,0.3966423919645843,0.0
2020-07-26 07:11:00+00:00,1.08297056256,0.4032344210350928,0.4032344210350928,0.679736141524907,0.0
2020-07-26 08:11:00+00:00,1.0278347489280002,0.4415161698675383,0.4415161698675383,0.5863185790604619,0.0
2020-07-26 09:11:00+00:00,1.1145137498880002,0.3879217215021146,0.3879217215021146,0.7265920283858855,0.0
2020-07-26 10:11:00+00:00,1.416971187072,0.34198362290318,0.34198362290318,1.0749875641688198,0.0
2020-07-26 11:11:00+00:00,2.264898994176,0.3139103404260532,0.3139103404260532,1.9509886537499463,0.0
2020-07-26 12:11:00+00:00,1.2775138237440002,0.3011497574819048,0.3011497574819048,0.9763640662620954,0.0
2020-07-26 13:11:00+00:00,0.8064958636799998,0.3011497574819048,0.3011497574819048,0.5053461061980951,0.0
2020-07-26 14:11:00+00:00,1.8371475763199991,0.3062539906595641,0.3062539906595641,1.530893585660435,0.0
2020-07-26 15:11:00+00:00,0.6888921983999998,0.3139103404260532,0.3139103404260532,0.3749818579739465,0.0
2020-07-26 16:11:00+00:00,0.8947419360000001,0.3445357394920096,0.3445357394920096,0.5502061965079904,0.0
2020-07-26 17:11:00+00:00,0.3207840399359999,0.4542767528116868,0.3207840399359999,0.0,0.1334927128756868
2020-07-26 18:11:00+00:00,0.1850984467199999,0.5410487168318967,0.1850984467199999,0.0,0.3559502701118967
2020-07-26 19:11:00+00:00,0.091367616384,0.5793304656643422,0.091367616384,0.0,0.4879628492803422
2020-07-26 20:11:00+00:00,0.0,0.5410487168318967,0.0,0.0,0.5410487168318967
2020-07-26 21:11:00+00:00,0.0,0.4542767528116868,0.0,0.0,0.4542767528116868
2020-07-26 22:11:00+00:00,0.0,0.3445357394920096,0.0,0.0,0.3445357394920096
2020-07-26 23:11:00+00:00,0.0,0.2373468427611622,0.0,0.0,0.2373468427611622
2020-07-27 00:11:00+00:00,0.0,0.1787259334318132,0.0,0.0,0.1787259334318132
2020-07-27 01:11:00+00:00,0.0,0.1531936572272684,0.0,0.0,0.1531936572272684
2020-07-27 02:11:00+00:00,0.0,0.140427519124996,0.0,0.0,0.140427519124996
2020-07-27 03:11:00+00:00,0.0,0.140427519124996,0.0,0.0,0.140427519124996
2020-07-27 04:11:00+00:00,0.0,0.1531936572272684,0.0,0.0,0.1531936572272684
2020-07-27 05:11:00+00:00,0.1742203411199999,0.2170243477386303,0.1742203411199999,0.0,0.0428040066186303
2020-07-27 06:11:00+00:00,0.1197941471999999,0.3191534525568092,0.1197941471999999,0.0,0.1993593053568093
2020-07-27 07:11:00+00:00,0.65782090752,0.4595809716818053,0.4595809716818053,0.1982399358381946,0.0
2020-07-27 08:11:00+00:00,0.528356375424,0.4978793859886224,0.4978793859886224,0.0304769894353775,0.0
2020-07-27 09:11:00+00:00,0.6764642599680001,0.3829841430681711,0.3829841430681711,0.293480116899829,0.0
2020-07-27 10:11:00+00:00,0.7059258950399999,0.2808550382499921,0.2808550382499921,0.4250708567900078,0.0
2020-07-27 11:11:00+00:00,0.54684705792,0.2170243477386303,0.2170243477386303,0.3298227101813696,0.0
2020-07-27 12:11:00+00:00,0.7026992025600001,0.1787259334318132,0.1787259334318132,0.5239732691281869,0.0
2020-07-27 13:11:00+00:00,0.8421003755519998,0.1787259334318132,0.1787259334318132,0.6633744421201866,0.0
2020-07-27 14:11:00+00:00,1.1476676828159995,0.2042582096363579,0.2042582096363579,0.943409473179642,0.0
2020-07-27 15:11:00+00:00,1.34741453568,0.242556623943175,0.242556623943175,1.104857911736825,0.0
2020-07-27 16:11:00+00:00,1.4940142141439998,0.3191534525568092,0.3191534525568092,1.1748607615871904,0.0
2020-07-27 17:11:00+00:00,0.2009616076799999,0.4851132478863501,0.2009616076799999,0.0,0.2841516402063502
2020-07-27 18:11:00+00:00,0.2251516711679999,0.5872423527045291,0.2251516711679999,0.0,0.3620906815365291
2020-07-27 19:11:00+00:00,0.0677375078399999,0.6255407670113462,0.0677375078399999,0.0,0.5578032591713462
2020-07-27 20:11:00+00:00,0.0,0.5872423527045291,0.0,0.0,0.5872423527045291
2020-07-27 21:11:00+00:00,0.0,0.4851132478863501,0.0,0.0,0.4851132478863501
2020-07-27 22:11:00+00:00,0.0,0.3702180049658987,0.0,0.0,0.3702180049658987
2020-07-27 23:11:00+00:00,0.0,0.242556623943175,0.0,0.0,0.242556623943175
2020-07-28 00:11:00+00:00,0.0,0.1788107616345784,0.0,0.0,0.1788107616345784
2020-07-28 01:11:00+00:00,0.0,0.1532663671153529,0.0,0.0,0.1532663671153529
2020-07-28 02:11:00+00:00,0.0,0.1404941698557402,0.0,0.0,0.1404941698557402
2020-07-28 03:11:00+00:00,0.0,0.1404941698557402,0.0,0.0,0.1404941698557402
2020-07-28 04:11:00+00:00,0.0,0.1532663671153529,0.0,0.0,0.1532663671153529
2020-07-28 05:11:00+00:00,0.19657098432,0.2171273534134167,0.19657098432,0.0,0.0205563690934167
2020-07-28 06:11:00+00:00,0.3045047765759999,0.3193049314903187,0.3045047765759999,0.0,0.0148001549143187
2020-07-28 07:11:00+00:00,0.745808666112,0.4597991013460589,0.4597991013460589,0.2860095647659411,0.0
2020-07-28 08:11:00+00:00,1.1555780371199995,0.4981156931248972,0.4981156931248972,0.6574623439951025,0.0
2020-07-28 09:11:00+00:00,1.7348853093119998,0.3831659177883824,0.3831659177883824,1.3517193915236174,0.0
2020-07-28 10:11:00+00:00,1.737049041792,0.2809883397114804,0.2809883397114804,1.4560607020805196,0.0
2020-07-28 11:11:00+00:00,2.45219454210528,0.2171273534134167,0.2171273534134167,2.235067188691863,0.0
2020-07-28 12:11:00+00:00,2.3608773411504,0.1788107616345784,0.1788107616345784,2.1820665795158214,0.0
2020-07-28 13:11:00+00:00,2.032907623296,0.1788107616345784,0.1788107616345784,1.8540968616614215,0.0
2020-07-28 14:11:00+00:00,1.45039781568,0.2043551561538039,0.2043551561538039,1.2460426595261962,0.0
2020-07-28 15:11:00+00:00,1.04327332032,0.2426717479326422,0.2426717479326422,0.8006015723873577,0.0
2020-07-28 16:11:00+00:00,0.79914084096,0.3193049314903187,0.3193049314903187,0.4798359094696813,0.0
2020-07-28 17:11:00+00:00,1.054940253696,0.4853434958652844,0.4853434958652844,0.5695967578307155,0.0
2020-07-28 18:11:00+00:00,0.4899564149759999,0.5875210739421864,0.4899564149759999,0.0,0.0975646589661865
2020-07-28 19:11:00+00:00,0.23759678208,0.6258376657210246,0.23759678208,0.0,0.3882408836410246
2020-07-28 20:11:00+00:00,0.0,0.5875210739421864,0.0,0.0,0.5875210739421864
2020-07-28 21:11:00+00:00,0.0,0.4853434958652844,0.0,0.0,0.4853434958652844
2020-07-28 22:11:00+00:00,0.0,0.3703937205287697,0.0,0.0,0.3703937205287697
2020-07-28 23:11:00+00:00,0.0,0.2426717479326422,0.0,0.0,0.2426717479326422
2020-07-29 00:11:00+00:00,0.0,0.178902620724345,0.0,0.0,0.178902620724345
2020-07-29 01:11:00+00:00,0.0,0.15334510347801,0.0,0.0,0.15334510347801
2020-07-29 02:11:00+00:00,0.0,0.1405663448548425,0.0,0.0,0.1405663448548425
2020-07-29 03:11:00+00:00,0.0,0.1405663448548425,0.0,0.0,0.1405663448548425
2020-07-29 04:11:00+00:00,0.0,0.15334510347801,0.0,0.0,0.15334510347801
2020-07-29 05:11:00+00:00,0.173631936,0.2172388965938475,0.173631936,0.0,0.0436069605938475
2020-07-29 06:11:00+00:00,0.4563553370879999,0.3194689655791875,0.3194689655791875,0.1368863715088124,0.0
2020-07-29 07:11:00+00:00,0.7686634371840001,0.4600353104340301,0.4600353104340301,0.30862812674997,0.0
2020-07-29 08:11:00+00:00,1.1964238540799998,0.4983715863035325,0.4983715863035325,0.6980522677764673,0.0
2020-07-29 09:11:00+00:00,1.054043899776,0.383362758695025,0.383362758695025,0.670681141080975,0.0
2020-07-29 10:11:00+00:00,1.2079703489279998,0.281132689709685,0.281132689709685,0.9268376592183148,0.0
2020-07-29 11:11:00+00:00,1.8050967935999995,0.2172388965938475,0.2172388965938475,1.587857897006152,0.0
2020-07-29 12:11:00+00:00,1.8244760693759996,0.178902620724345,0.178902620724345,1.645573448651655,0.0
2020-07-29 13:11:00+00:00,1.9362063006719996,0.178902620724345,0.178902620724345,1.7573036799476545,0.0
2020-07-29 14:11:00+00:00,1.386633904128,0.20446013797068,0.20446013797068,1.18217376615732,0.0
2020-07-29 15:11:00+00:00,1.676802566016,0.2427964138401825,0.2427964138401825,1.4340061521758174,0.0
2020-07-29 16:11:00+00:00,1.359387254784,0.3194689655791875,0.3194689655791875,1.0399182892048124,0.0
2020-07-29 17:11:00+00:00,0.64498868928,0.4855928276803651,0.4855928276803651,0.1593958615996348,0.0
2020-07-29 18:11:00+00:00,0.165027252096,0.5878228966657051,0.165027252096,0.0,0.4227956445697051
2020-07-29 19:11:00+00:00,0.020355927552,0.6261591725352076,0.020355927552,0.0,0.6058032449832076
2020-07-29 20:11:00+00:00,0.0,0.5878228966657051,0.0,0.0,0.5878228966657051
2020-07-29 21:11:00+00:00,0.0,0.4855928276803651,0.0,0.0,0.4855928276803651
2020-07-29 22:11:00+00:00,0.0,0.3705840000718575,0.0,0.0,0.3705840000718575
2020-07-29 23:11:00+00:00,0.0,0.2427964138401825,0.0,0.0,0.2427964138401825
2020-07-30 00:11:00+00:00,0.0,0.1790014835185303,0.0,0.0,0.1790014835185303
2020-07-30 01:11:00+00:00,0.0,0.1534298430158831,0.0,0.0,0.1534298430158831
2020-07-30 02:11:00+00:00,0.0,0.1406440227645595,0.0,0.0,0.1406440227645595
2020-07-30 03:11:00+00:00,0.0,0.1406440227645595,0.0,0.0,0.1406440227645595
2020-07-30 04:11:00+00:00,0.0,0.1534298430158831,0.0,0.0,0.1534298430158831
2020-07-30 05:11:00+00:00,0.1424595223296,0.2173589442725011,0.1424595223296,0.0,0.0748994219429011
2020-07-30 06:11:00+00:00,0.652626826752,0.3196455062830898,0.3196455062830898,0.3329813204689101,0.0
2020-07-30 07:11:00+00:00,0.69918379776,0.4602895290476493,0.4602895290476493,0.2388942687123506,0.0
2020-07-30 08:11:00+00:00,1.5345539481599997,0.4986469898016202,0.4986469898016202,1.0359069583583795,0.0
2020-07-30 09:11:00+00:00,1.274193524736,0.3835746075397078,0.3835746075397078,0.890618917196292,0.0
2020-07-30 10:11:00+00:00,2.25462098745312,0.281288045529119,0.281288045529119,1.9733329419240009,0.0
2020-07-30 11:11:00+00:00,2.5062254403964803,0.2173589442725011,0.2173589442725011,2.2888664961239793,0.0
2020-07-30 12:11:00+00:00,2.5498489228387196,0.1790014835185303,0.1790014835185303,2.370847439320189,0.0
2020-07-30 13:11:00+00:00,2.45651289475296,0.1790014835185303,0.1790014835185303,2.2775114112344297,0.0
2020-07-30 14:11:00+00:00,2.24847334826208,0.2045731240211775,0.2045731240211775,2.043900224240902,0.0
2020-07-30 15:11:00+00:00,1.964962064256,0.2429305847751482,0.2429305847751482,1.7220314794808518,0.0
2020-07-30 16:11:00+00:00,1.571962742784,0.3196455062830898,0.3196455062830898,1.25231723650091,0.0
2020-07-30 17:11:00+00:00,1.1329760152319996,0.4858611695502965,0.4858611695502965,0.6471148456817031,0.0
2020-07-30 18:11:00+00:00,0.617364245376,0.5881477315608853,0.5881477315608853,0.0292165138151146,0.0
2020-07-30 19:11:00+00:00,0.201296322432,0.626505192314856,0.201296322432,0.0,0.425208869882856
2020-07-30 20:11:00+00:00,0.0,0.5881477315608853,0.0,0.0,0.5881477315608853
2020-07-30 21:11:00+00:00,0.0,0.4858611695502965,0.0,0.0,0.4858611695502965
2020-07-30 22:11:00+00:00,0.0,0.3707887872883842,0.0,0.0,0.3707887872883842
2020-07-30 23:11:00+00:00,0.0,0.2429305847751482,0.0,0.0,0.2429305847751482
2020-07-31 00:11:00+00:00,0.0,0.1791073207620429,0.0,0.0,0.1791073207620429
2020-07-31 01:11:00+00:00,0.0,0.1535205606531796,0.0,0.0,0.1535205606531796
2020-07-31 02:11:00+00:00,0.0,0.140727180598748,0.0,0.0,0.140727180598748
2020-07-31 03:11:00+00:00,0.0,0.140727180598748,0.0,0.0,0.140727180598748
2020-07-31 04:11:00+00:00,0.0,0.1535205606531796,0.0,0.0,0.1535205606531796
2020-07-31 05:11:00+00:00,0.13923231203328,0.2174874609253379,0.13923231203328,0.0,0.0782551488920579
2020-07-31 06:11:00+00:00,0.57947311872,0.319834501360791,0.319834501360791,0.2596386173592089,0.0
2020-07-31 07:11:00+00:00,1.090199895936,0.460561681959539,0.460561681959539,0.6296382139764609,0.0
2020-07-31 08:11:00+00:00,1.542924343296,0.498941822122834,0.498941822122834,1.043982521173166,0.0
2020-07-31 09:11:00+00:00,1.90382328,0.3838014016329492,0.3838014016329492,1.520021878367051,0.0
2020-07-31 10:11:00+00:00,2.1876336673276797,0.2814543611974961,0.2814543611974961,1.9061793061301835,0.0
2020-07-31 11:11:00+00:00,2.33992165185504,0.2174874609253379,0.2174874609253379,2.122434190929702,0.0
2020-07-31 12:11:00+00:00,2.44909699823328,0.1791073207620429,0.1791073207620429,2.269989677471237,0.0
2020-07-31 13:11:00+00:00,2.3641910436144,0.1791073207620429,0.1791073207620429,2.185083722852357,0.0
2020-07-31 14:11:00+00:00,2.1488333579183996,0.2046940808709062,0.2046940808709062,1.9441392770474932,0.0
2020-07-31 15:11:00+00:00,1.856263122432,0.2430742210342011,0.2430742210342011,1.613188901397799,0.0
2020-07-31 16:11:00+00:00,1.063134350208,0.319834501360791,0.319834501360791,0.7432998488472089,0.0
2020-07-31 17:11:00+00:00,0.3206828544,0.4861484420684023,0.3206828544,0.0,0.1654655876684023
2020-07-31 18:11:00+00:00,0.0879650876159999,0.5884954825038554,0.0879650876159999,0.0,0.5005303948878554
2020-07-31 19:11:00+00:00,0.09896203008,0.6268756226671504,0.09896203008,0.0,0.5279135925871503
2020-07-31 20:11:00+00:00,0.0,0.5884954825038554,0.0,0.0,0.5884954825038554
2020-07-31 21:11:00+00:00,0.0,0.4861484420684023,0.0,0.0,0.4861484420684023
2020-07-31 22:11:00+00:00,0.0,0.3710080215785175,0.0,0.0,0.3710080215785175
2020-07-31 23:11:00+00:00,0.0,0.2430742210342011,0.0,0.0,0.2430742210342011
